ts,host_cpu_busy_jiffies,db_usage_usec
1787368857,1173265,246889913
1787368858,1173307,246988689
1787368859,1173343,247020443
1787368860,1173370,247026428
1787368861,1173394,247054308
1787368862,1173424,247059942
1787368863,1173456,247094630
1787368864,1173489,247100614
1787368865,1173528,247106248
1787368866,1173556,247137198
1787368867,1173585,247144263
1787368868,1173626,247332566
1787368869,1173674,247364334
1787368870,1173768,247808749
1787368871,1173790,247815567
1787368872,1173811,247852685
1787368873,1173832,247890384
1787368874,1173853,247924293
1787368875,1173872,247930416
1787368876,1173897,247936402
1787368877,1173930,247978146
1787368878,1173961,247983712
1787368879,1173981,247993170
1787368880,1174005,248035252
1787368881,1174032,248045987
1787368882,1174053,248052145
1787368883,1174071,248060029
1787368884,1174102,248093807
1787368885,1174132,248102406
1787368886,1174177,248262215
1787368887,1174203,248294648
1787368888,1174224,248300924
1787368889,1174259,248408563
1787368890,1174281,248414656
1787368892,1174306,248423070
1787368893,1174351,248473567
1787368894,1174379,248480896
1787368895,1174421,248608214
1787368896,1174443,248652946
1787368897,1174471,248659132
1787368898,1174500,248665327
1787368899,1174520,248671816
1787368900,1174571,248753158
1787368901,1174598,248759086
1787368902,1174644,248923205
1787368903,1174672,248929174
1787368904,1174701,248983482
1787368905,1174721,248989498
1787368906,1174741,248995432
1787368907,1174785,249001432
1787368908,1174826,249007232
1787368909,1174881,249289076
1787368910,1174906,249294829
1787368911,1174936,249381215
1787368912,1174975,249620927
1787368913,1175003,249627645
1787368914,1175097,249632229
1787368915,1175534,249635032
1787368916,1175656,249775610
1787368917,1175712,250083059
1787368918,1175741,250089643
1787368919,1175771,250096279
1787368920,1175823,250102764
1787368921,1175867,250226277
1787368922,1175901,250283658
1787368923,1175928,250290567
1787368924,1175969,250481302
1787368925,1175993,250487532
1787368926,1176023,250494903
1787368927,1176075,250717229
1787368928,1176124,250967097
1787368929,1176150,250972825
1787368930,1176167,250978171
1787368931,1176189,250984194
1787368932,1176265,251319647
1787368933,1176304,251459275
1787368934,1176325,251466959
1787368935,1176395,251471933
1787368936,1176419,251478326
1787368937,1176490,251919888
1787368938,1176521,251927004
1787368939,1176555,251932780
1787368940,1176583,251939153
1787368941,1176636,252200853
1787368942,1176690,252414388
1787368943,1176721,252420152
1787368944,1176756,252426755
1787368945,1176810,252559550
1787368946,1176841,252565979
1787368947,1176874,252579892
1787368948,1176911,252659687
1787368949,1176947,252665504
1787368950,1176977,252671444
1787368951,1177003,252677285
1787368952,1177034,252692061
1787368953,1177060,252698749
1787368954,1177094,252705857
1787368955,1177131,252719927
1787368956,1177159,252726465
1787368957,1177186,252732749
1787368958,1177216,252762723
1787368959,1177258,252768475
1787368960,1177317,252859709
1787368961,1177349,252926601
1787368962,1177369,252932765
1787368963,1177386,252939035
1787368964,1177413,252946433
1787368965,1177439,252951923
1787368966,1177482,252957741
1787368967,1177505,252963749
1787368968,1177524,252969963
1787368969,1177546,252974939
1787368970,1177572,252980374
1787368971,1177590,252985301
1787368972,1177616,252991589
1787368973,1177634,252998320
1787368974,1177654,253004777
1787368975,1177707,253018768
1787368976,1177739,253024014
1787368977,1177758,253030397
1787368978,1177776,253037241
1787368979,1177797,253043510
1787368980,1177814,253049899
1787368981,1177841,253055960
1787368982,1177859,253062556
1787368983,1177874,253069535
1787368984,1177893,253076238
1787368985,1177918,253082409
1787368986,1177945,253088274
1787368987,1177962,253095567
1787368988,1177991,253101414
1787368989,1178210,253106450
1787368990,1178321,253306193
1787368991,1178375,253351492
1787368992,1178398,253357612
1787368993,1178419,253364761
1787368994,1178442,253373149
1787368995,1178470,253443179
1787368996,1178502,253524150
1787368997,1178536,253533842
1787368998,1178561,253582366
1787368999,1178582,253589386
1787369000,1178602,253595905
1787369001,1178646,253607906
1787369002,1178670,253663057
1787369003,1178703,253739628
1787369004,1178722,253745885
1787369005,1178738,253751576
1787369006,1178765,253757425
1787369007,1178828,253795229
1787369008,1178849,253803922
1787369009,1178871,253817507
1787369010,1178896,253824545
1787369011,1178936,253842297
1787369012,1178973,253847620
1787369013,1178992,253908944
1787369014,1179018,253915230
1787369015,1179039,253921527
1787369017,1179067,254025656
1787369018,1179087,254031927
1787369019,1179109,254093899
1787369020,1179151,254105594
1787369021,1179200,254110599
1787369022,1179628,254113187
1787369023,1179736,254116260
1787369024,1179801,254165421
1787369025,1179824,254171446
1787369026,1179855,254240925
1787369027,1179889,254279060
1787369028,1179910,254285505
1787369029,1179936,254291714
1787369030,1179966,254297617
1787369031,1180004,254360137
1787369032,1180027,254366527
1787369033,1180053,254373053
1787369034,1180083,254379153
1787369035,1180113,254384465
1787369036,1180142,254390665
1787369037,1180221,254576264
1787369038,1180267,254582392
1787369039,1180313,254588630
1787369040,1180348,254670982
1787369041,1180380,254682772
1787369042,1180409,254689553
1787369043,1180438,254726833
1787369044,1180483,254781059
1787369045,1180513,254787491
1787369046,1180538,254797838
1787369047,1180564,254804767
1787369048,1180599,254811528
1787369049,1180644,254859472
1787369050,1180682,254869529
1787369051,1180718,254926610
1787369052,1180744,254959245
1787369053,1180765,254966292
1787369054,1180804,255005967
1787369055,1180843,255094456
1787369056,1180873,255101085
1787369057,1180895,255113713
1787369058,1180923,255120726
1787369059,1180960,255195648
1787369060,1180991,255201869
1787369061,1181020,255208072
1787369062,1181068,255272642
1787369063,1181087,255280231
1787369064,1181103,255289083
1787369065,1181120,255320838
1787369066,1181142,255349285
1787369067,1181173,255356774
1787369068,1181202,255459590
1787369069,1181218,255466806
1787369070,1181231,255474896
1787369071,1181253,255487154
1787369072,1181275,255494622
1787369073,1181300,255525583
1787369074,1181342,255665377
1787369075,1181360,255679902
1787369076,1181378,255687363
1787369077,1181396,255708518
1787369078,1181420,255716014
1787369079,1181440,255723245
1787369080,1181494,255766381
1787369081,1181519,255804309
1787369082,1181538,255820087
1787369083,1181559,255828201
1787369084,1181585,255837799
1787369085,1181615,255849378
1787369086,1181635,255862149
1787369087,1181654,255875235
1787369088,1181687,255882263
1787369089,1181714,255919450
1787369090,1181757,256050721
1787369091,1181784,256058567
1787369092,1181805,256066139
1787369093,1181820,256079606
1787369094,1181846,256087397
1787369095,1181874,256121509
1787369096,1181896,256155536
1787369097,1181921,256201020
1787369098,1181944,256213943
1787369099,1181970,256221397
1787369100,1181994,256228514
1787369101,1182024,256260957
1787369102,1182043,256272446
1787369103,1182062,256280814
1787369104,1182150,257000632
1787369105,1182177,257008413
1787369106,1182207,257015423
1787369107,1182225,257024119
1787369108,1182256,257176975
1787369109,1182276,257230102
1787369110,1182301,257326934
1787369111,1182336,257334997
1787369113,1182364,257342878
1787369114,1182391,257436420
1787369115,1182423,257442620
1787369116,1182443,257449645
1787369117,1182457,257457578
1787369118,1182500,257723109
1787369119,1182513,257731484
1787369120,1182528,257739540
1787369121,1182544,257747140
1787369122,1182563,257759317
1787369123,1182578,257773513
1787369124,1182591,257782236
1787369125,1182618,257789510
1787369126,1182641,257802730
1787369127,1182668,257835747
1787369128,1182683,257843931
1787369129,1182700,257858280
1787369130,1182722,257926827
1787369131,1182746,257934418
1787369132,1182774,257971841
1787369133,1182791,257985709
1787369134,1182806,257994437
1787369135,1182824,258002470
1787369136,1182848,258010145
1787369137,1182873,258016861
1787369138,1182926,258164008
1787369139,1182941,258171822
1787369140,1182970,258179036
1787369141,1183000,258185634
1787369142,1183036,258270743
1787369143,1183057,258278224
1787369144,1183076,258322141
1787369145,1183093,258329793
1787369146,1183111,258337809
1787369147,1183141,258345024
1787369148,1183170,258415097
1787369149,1183189,258422810
1787369150,1183209,258430233
1787369151,1183235,258546177
1787369152,1183256,258594174
1787369153,1183281,258601336
1787369154,1183317,258616520
1787369155,1183332,258624251
1787369156,1183347,258631730
1787369157,1183361,258640104
1787369158,1183376,258647857
1787369159,1183411,258865555
1787369160,1183453,258872319
1787369161,1183482,258900499
1787369162,1183499,258927940
1787369163,1183521,258965487
1787369164,1183534,258979075
1787369165,1183566,259107681
1787369166,1183590,259114935
1787369167,1183621,259122058
1787369168,1183640,259145016
1787369169,1183655,259152786
1787369170,1183674,259160450
1787369171,1183690,259168325
1787369172,1183716,259227921
1787369173,1183735,259271971
1787369174,1183755,259280217
1787369175,1183785,259287162
1787369176,1183803,259295191
1787369177,1183819,259303149
1787369178,1183841,259399547
1787369179,1183860,259407016
1787369180,1183886,259416106
1787369181,1183913,259423696
1787369182,1183933,259472042
1787369183,1183953,259546459
1787369184,1183974,259554282
1787369185,1184018,259561378
1787369186,1184045,259567807
1787369187,1184063,259575423
1787369188,1184080,259583216
1787369189,1184094,259591864
1787369190,1184140,259852636
1787369191,1184172,259860061
1787369193,1184200,259867238
1787369194,1184214,259875761
1787369195,1184233,259882789
1787369196,1184252,259906340
1787369197,1184282,259913922
1787369198,1184300,259921808
1787369199,1184322,259928599
1787369200,1184354,259935110
1787369201,1184386,260024549
1787369202,1184410,260032057
1787369203,1184445,260066465
1787369204,1184469,260075822
1787369205,1184487,260083367
1787369206,1184506,260130882
1787369207,1184522,260138597
1787369208,1184537,260146613
1787369209,1184549,260154695
1787369210,1184564,260162843
1787369211,1184587,260170305
1787369212,1184619,260178137
1787369213,1184647,260185545
1787369214,1184666,260253432
1787369215,1184685,260261209
1787369216,1184724,260431551
1787369217,1184752,260439492
1787369218,1184802,260502208
1787369219,1184840,260509661
1787369220,1184860,260526250
1787369221,1184878,260533330
1787369222,1184907,260540869
1787369223,1184930,260548851
1787369224,1184957,260557460
1787369225,1184970,260565245
1787369226,1184989,260573484
1787369227,1185007,260581024
1787369228,1185035,260615614
1787369229,1185068,260686868
1787369230,1185091,260693959
1787369231,1185111,260709314
1787369232,1185146,260899265
1787369233,1185165,260907205
1787369234,1185180,260916382
1787369235,1185227,260923163
1787369236,1185247,260931404
1787369237,1185266,260938909
1787369238,1185281,260946547
1787369239,1185295,260954718
1787369240,1185311,260962411
1787369241,1185339,261024595
1787369242,1185368,261050355
1787369243,1185395,261058578
1787369244,1185412,261067653
1787369245,1185428,261075941
1787369246,1185449,261125794
1787369247,1185477,261133581
1787369248,1185500,261141525
1787369249,1185524,261153856
1787369250,1185547,261162146
1787369251,1185564,261170432
1787369252,1185582,261178497
1787369253,1185627,261185338
1787369254,1185656,261205793
1787369255,1185675,261214405
1787369256,1185699,261249566
1787369257,1185714,261257839
1787369258,1185728,261265426
1787369259,1185764,261430351
1787369260,1185811,261573326
1787369261,1185828,261581317
1787369262,1185853,261588860
1787369263,1185877,261597349
1787369264,1185931,262018242
1787369265,1186039,263062369
1787369266,1186145,264071519
1787369267,1186257,265078029
1787369268,1186376,266147045
1787369269,1186504,267266021
1787369270,1186611,268272032
1787369271,1186729,269334374
1787369272,1186835,270340570
1787369273,1186964,271464756
1787369274,1187083,272504131
1787369275,1187189,273510133
1787369276,1187295,274519225
1787369277,1187416,275525795
1787369278,1187533,276636894
1787369279,1187638,277642820
1787369280,1187757,278675179
1787369281,1187872,279681611
1787369282,1187979,280687687
1787369283,1188092,281726846
1787369284,1188197,282732883
1787369285,1188302,283738938
1787369286,1188408,284744991
1787369287,1188523,285836729
1787369288,1188637,286843373
1787369289,1188753,287849716
1787369290,1188880,288855872
1787369291,1188986,289862223
1787369292,1189094,290899935
1787369293,1189198,291906180
1787369294,1189304,292915882
1787369295,1189408,293921946
1787369296,1189518,294927991
1787369297,1189578,295219551
1787369299,1189613,295226480
1787369300,1189636,295327685
1787369301,1189660,295334465
1787369302,1189687,295341051
1787369303,1189714,295348003
1787369304,1189731,295356197
1787369305,1189744,295363232
1787369306,1189757,295370396
1787369307,1189775,295377428
1787369308,1189801,295384680
1787369309,1189828,295391223
1787369310,1189842,295398563
1787369311,1189863,295405541
1787369312,1189878,295413116
1787369313,1189899,295419845
1787369314,1189941,295693067
1787369315,1189967,295698996
1787369316,1189997,295705822
1787369317,1190014,295713161
1787369318,1190029,295720600
1787369319,1190043,295727881
1787369320,1190077,295734237
1787369321,1190100,295741099
1787369322,1190128,295747707
1787369323,1190145,295762883
1787369324,1190162,295771895
1787369325,1190177,295778998
1787369326,1190191,295786323
1787369327,1190214,295792898
1787369328,1190245,295799618
1787369329,1190290,295895528
1787369330,1190306,295902842
1787369331,1190321,295909940
1787369332,1190334,295917528
1787369333,1190352,295924801
1787369334,1190372,295932799
1787369335,1190399,295939563
1787369336,1190439,296172013
1787369337,1190466,296294512
1787369338,1190482,296301704
1787369339,1190495,296310493
1787369340,1190523,296316822
1787369341,1190552,296323348
1787369342,1190574,296330554
1787369343,1190586,296337406
1787369344,1190603,296368465
1787369345,1190627,296375091
1787369346,1190656,296382051
1787369347,1190690,296389744
1787369348,1190715,296397267
1787369349,1190731,296405133
1787369350,1190750,296443445
1787369351,1190773,296450142
1787369352,1190794,296457176
1787369353,1190814,296465076
1787369354,1190828,296473500
1787369355,1190852,296480469
1787369356,1190867,296487375
1787369357,1190880,296495508
1787369358,1190896,296502807
1787369359,1190917,296565337
1787369360,1190943,296572262
1787369361,1190967,296579165
1787369362,1190987,296586351
1787369363,1191001,296594956
1787369364,1191015,296603815
1787369365,1191032,296612070
1787369366,1191058,296619522
1787369367,1191086,296627365
1787369368,1191106,296640505
1787369369,1191125,296647608
1787369370,1191139,296655022
1787369371,1191152,296662189
1787369372,1191197,296668412
1787369373,1191224,296676684
1787369374,1191242,296691030
1787369375,1191287,296697550
1787369376,1191302,296704604
1787369377,1191317,296712286
1787369378,1191337,296719465
1787369379,1191360,296726668
1787369381,1191403,296732457
1787369382,1191422,296740294
1787369383,1191438,296747942
1787369384,1191450,296756265
1787369385,1191460,296763350
1787369386,1191480,296770098
1787369387,1191497,296777465
1787369388,1191516,296784480
1787369389,1191531,296791760
1787369390,1191555,296798890
1787369391,1191575,296806194
1787369392,1191590,296813537
1787369393,1191607,296820794
1787369394,1191622,296829052
1787369395,1191640,296835666
1787369396,1191660,296842759
1787369397,1191682,296849762
1787369398,1191704,296857400
1787369399,1191745,296863924
1787369400,1191767,296870902
1787369401,1191795,296877647
1787369402,1191811,296884978
1787369403,1191824,296892147
1787369404,1191838,296900555
1787369405,1191859,296907583
1787369406,1191874,296914851
1787369407,1191888,296922485
1787369408,1191905,296929939
1787369409,1191920,296936881
1787369410,1191944,296943457
1787369411,1191963,296950257
1787369412,1191978,296957725
1787369413,1191995,296964479
1787369414,1192018,296972573
1787369415,1192037,296980189
1787369416,1192049,296987564
1787369417,1192075,296994391
1787369418,1192090,297002305
1787369419,1192106,297010106
1787369420,1192122,297017792
1787369421,1192136,297025212
1787369422,1192151,297033298
1787369423,1192165,297041008
1787369424,1192178,297049912
1787369425,1192195,297057886
1787369426,1192210,297065042
1787369427,1192227,297072616
1787369428,1192241,297079966
1787369429,1192255,297086772
1787369430,1192270,297093898
1787369431,1192285,297101517
1787369432,1192304,297108622
1787369433,1192322,297116210
1787369434,1192339,297123762
1787369435,1192357,297131338
1787369436,1192370,297138457
1787369437,1192386,297146144
1787369438,1192419,297153098
1787369439,1192433,297160254
1787369440,1192471,297166741
1787369441,1192486,297174660
1787369442,1192501,297182601
1787369443,1192513,297191265
1787369444,1192530,297199449
1787369445,1192548,297207672
1787369446,1192562,297214792
1787369447,1192578,297222843
1787369448,1192591,297230428
1787369449,1192607,297238437
1787369450,1192622,297245800
1787369451,1192635,297253343
1787369452,1192654,297260908
1787369453,1192669,297269410
1787369454,1192686,297276808
1787369455,1192700,297284625
1787369456,1192719,297291832
1787369457,1192735,297299959
1787369459,1192750,297307816
1787369460,1192765,297315630
1787369461,1192783,297322862
1787369462,1192802,297330779
1787369463,1192824,297338112
1787369464,1192836,297346892
1787369465,1193059,297351986
1787369466,1193172,297575647
1787369467,1193209,297582119
1787369468,1193227,297589416
1787369469,1193246,297596368
1787369470,1193273,297608608
1787369471,1193325,297647397
1787369472,1193349,297706985
1787369473,1193382,297713265
1787369474,1193399,297727578
1787369475,1193422,297780762
1787369476,1193442,297787770
1787369477,1193462,297794718
1787369478,1193494,297877340
1787369479,1193522,297883956
1787369480,1193542,297942488
1787369481,1193564,297968675
1787369482,1193586,297976041
1787369483,1193614,297999959
1787369484,1193646,298062346
1787369485,1193665,298069272
1787369486,1193681,298080864
1787369487,1193701,298119237
1787369488,1193718,298126826
1787369489,1193738,298172710
1787369490,1193759,298180020
1787369491,1193791,298186517
1787369492,1193818,298224410
1787369493,1193842,298279869
1787369494,1193856,298288516
1787369495,1193875,298295346
1787369496,1193898,298302683
1787369497,1193928,298314349
1787369498,1193956,298452948
1787369499,1193971,298460955
1787369500,1194023,298467611
1787369501,1194046,298474435
1787369502,1194073,298516983
1787369503,1194112,298660160
1787369504,1194134,298712727
1787369505,1194152,298720223
1787369506,1194168,298727907
1787369507,1194187,298734980
1787369508,1194211,298748744
1787369509,1194237,298777567
1787369510,1194256,298790989
1787369511,1194272,298798227
1787369512,1194293,298805645
1787369513,1194328,298821366
1787369514,1194345,298830100
1787369515,1194360,298837682
1787369516,1194378,298865925
1787369517,1194391,298873986
1787369518,1194410,298905119
1787369519,1194436,298911553
1787369520,1194463,298918093
1787369521,1194486,298935971
1787369522,1194505,298943644
1787369523,1194532,298975254
1787369524,1194545,298983184
1787369525,1194567,299001753
1787369526,1194592,299009250
1787369527,1194622,299048522
1787369528,1194669,299084666
1787369529,1194692,299114607
1787369530,1194723,299127203
1787369531,1194741,299135046
1787369532,1194763,299142389
1787369533,1194794,299175314
1787369534,1194822,299182667
1787369535,1194836,299190372
1787369536,1194857,299234089
1787369537,1194873,299242641
1787369538,1194896,299299266
1787369539,1194915,299306421
1787369540,1194931,299313422
1787369541,1194948,299325578
1787369543,1194967,299368078
1787369544,1194987,299421163
1787369545,1195011,299428064
1787369546,1195030,299446657
1787369547,1195057,299461847
1787369548,1195089,299474895
1787369549,1195110,299512479
1787369550,1195131,299525023
1787369551,1195158,299552352
1787369552,1195177,299560111
1787369553,1195205,299567334
1787369554,1195242,299594941
1787369555,1195261,299606890
1787369556,1195281,299614267
1787369557,1195296,299622222
1787369558,1195324,299629070
1787369559,1195356,299703023
1787369560,1195394,299807935
1787369561,1195420,299814711
1787369562,1195434,299822998
1787369563,1195450,299831492
1787369564,1195473,299847033
1787369565,1195505,299860425
1787369566,1195547,299867269
1787369567,1195571,299907502
1787369568,1195595,299978835
1787369569,1195610,299986295
1787369570,1195626,299993789
1787369571,1195652,300000295
1787369572,1195688,300017655
1787369573,1195706,300025307
1787369574,1195724,300039345
1787369575,1195765,300248692
1787369576,1195784,300255661
1787369577,1195803,300262695
1787369578,1195832,300269935
1787369579,1195855,300276706
1787369580,1195890,300348850
1787369581,1195918,300355531
1787369582,1195940,300369874
1787369583,1195957,300377581
1787369584,1195977,300386495
1787369585,1195995,300394298
1787369586,1196059,300476380
1787369587,1196076,300483766
1787369588,1196091,300496528
1787369589,1196115,300536473
1787369590,1196154,300596140
1787369591,1196185,300605636
1787369592,1196205,300613164
1787369593,1196218,300620064
1787369594,1196239,300649499
1787369595,1196259,300657043
1787369596,1196279,300664447
1787369597,1196317,300814205
1787369598,1196346,300832386
1787369599,1196366,300840521
1787369600,1196387,300861922
1787369601,1196407,300875158
1787369602,1196430,300882134
1787369603,1196463,300900200
1787369604,1196485,300907874
1787369605,1196510,300970325
1787369606,1196524,300978250
1787369607,1196546,300991309
1787369608,1196584,301034515
1787369609,1196606,301069461
1787369610,1196621,301076295
1787369611,1196637,301083636
1787369612,1196664,301095654
1787369613,1196691,301158947
1787369614,1196723,301165243
1787369615,1196741,301177287
1787369617,1196758,301184843
1787369618,1196809,301209047
1787369619,1196838,301256258
1787369620,1196878,301262623
1787369621,1196903,301276317
1787369622,1196920,301284363
1787369623,1196958,301344983
1787369624,1196981,301354082
1787369625,1197012,301360654
1787369626,1197025,301368475
1787369627,1197039,301376241
1787369628,1197063,301416964
1787369629,1197111,301551538
1787369630,1197142,301582857
1787369631,1197161,301589621
1787369632,1197180,301634063
1787369633,1197197,301640988
1787369634,1197222,301764396
1787369635,1197239,301774721
1787369636,1197258,301814755
1787369637,1197273,301822507
1787369638,1197305,301854101
1787369639,1197330,301861436
1787369640,1197379,301913822
1787369641,1197402,301984295
1787369642,1197424,301992441
1787369643,1197443,301999895
1787369644,1197469,302015798
1787369645,1197498,302033349
1787369646,1197516,302040677
1787369647,1197536,302093309
1787369648,1197552,302101329
1787369649,1197570,302109653
1787369650,1197589,302127942
1787369651,1197617,302142186
1787369652,1197638,302149771
1787369653,1197666,302160274
1787369654,1197683,302169608
1787369655,1197696,302177652
1787369656,1197714,302185554
1787369657,1197748,302194959
1787369658,1197775,302202416
1787369659,1197803,302290978
1787369660,1197818,302298440
1787369661,1197834,302305408
1787369662,1197858,302313624
1787369663,1197884,302335298
1787369664,1197913,302342710
1787369665,1197927,302350141
1787369666,1197942,302357843
1787369667,1197964,302365025
1787369668,1198003,302431828
1787369669,1198039,302486872
1787369670,1198053,302494830
1787369671,1198067,302502662
1787369672,1198090,302563158
1787369673,1198115,302648721
1787369674,1198132,302656957
1787369675,1198156,302664145
1787369676,1198185,302670599
1787369677,1198197,302678236
1787369678,1198213,302685741
1787369679,1198233,302723173
1787369680,1198268,302729562
1787369681,1198296,302739424
1787369682,1198323,302749736
1787369683,1198348,302792964
1787369684,1198371,302815578
1787369685,1198387,302823219
1787369686,1198405,302830349
1787369687,1198421,302838204
1787369688,1198434,302845654
1787369689,1198462,302853309
1787369690,1198491,302859949
1787369691,1198543,303055788
1787369692,1198558,303063316
1787369693,1198575,303107196
1787369694,1198593,303115130
1787369695,1198679,303794099
1787369696,1198717,303990908
1787369697,1198742,303998753
1787369698,1198758,304006102
1787369699,1198773,304014094
1787369700,1198793,304021693
1787369701,1198836,304209437
1787369703,1198861,304216908
1787369704,1198890,304291197
1787369705,1198903,304298358
1787369706,1198922,304305963
1787369707,1198946,304313426
1787369708,1198979,304380418
1787369709,1198995,304388606
1787369710,1199014,304395973
1787369711,1199033,304403528
1787369712,1199059,304411026
1787369713,1199079,304418999
1787369714,1199106,304427608
1787369715,1199128,304468738
1787369716,1199143,304476728
1787369717,1199159,304484756
1787369718,1199181,304534265
1787369719,1199207,304545282
1787369720,1199231,304552360
1787369721,1199276,304558116
1787369722,1199296,304565982
1787369723,1199310,304573650
1787369724,1199325,304582515
1787369725,1199352,304638303
1787369726,1199376,304646049
1787369727,1199407,304653007
1787369728,1199419,304661278
1787369729,1199441,304715006
1787369730,1199458,304722737
1787369731,1199479,304736938
1787369732,1199506,304743809
1787369733,1199524,304751488
1787369734,1199537,304760498
1787369735,1199566,304767299
1787369736,1199593,304824229
1787369737,1199615,304864461
1787369738,1199633,304880026
1787369739,1199661,304886900
1787369740,1199728,304893119
1787369741,1199746,304900822
1787369742,1199763,304909351
1787369743,1199777,304917245
1787369744,1199796,304927041
1787369745,1199820,304934198
1787369746,1199855,305040102
1787369747,1199875,305099636
1787369748,1199897,305107585
1787369749,1199917,305157015
1787369750,1199931,305164671
1787369751,1199959,305171370
1787369752,1199991,305247991
1787369753,1200010,305255857
1787369754,1200025,305264084
1787369755,1200046,305325092
1787369756,1200061,305333124
1787369757,1200080,305341112
1787369758,1200102,305348405
1787369759,1200128,305355444
1787369760,1200148,305363014
1787369761,1200180,305514396
1787369762,1200210,305590132
1787369763,1200225,305598886
1787369764,1200243,305607300
1787369765,1200263,305616010
1787369766,1200295,305622884
1787369767,1200314,305638727
1787369768,1200329,305646613
1787369769,1200351,305653883
1787369770,1200408,305703102
1787369771,1200438,305710177
1787369772,1200456,305718155
1787369773,1200474,305735710
1787369774,1200488,305743777
1787369775,1200502,305752144
1787369776,1200516,305760699
1787369777,1200537,305768480
1787369778,1200572,305827082
1787369779,1200599,305834807
1787369781,1200624,305887198
1787369782,1200646,305895090
1787369783,1200661,305903162
1787369784,1200689,305911033
1787369785,1200715,305918494
1787369786,1200730,305926661
1787369787,1200744,305934888
1787369788,1200765,305943768
1787369789,1200790,306023156
1787369790,1200810,306031389
1787369791,1200846,306038330
1787369792,1200865,306045964
1787369793,1200882,306053775
1787369794,1200897,306062079
1787369795,1200977,306120124
1787369796,1201011,306126817
1787369797,1201024,306134440
1787369798,1201038,306142681
1787369799,1201055,306149904
1787369800,1201085,306157371
1787369801,1201103,306165619
1787369802,1201119,306174743
1787369803,1201145,306182153
1787369804,1201167,306190926
1787369805,1201192,306198652
1787369806,1201210,306206862
1787369807,1201224,306214907
1787369808,1201244,306222794
1787369809,1201271,306230282
1787369810,1201297,306237062
1787369811,1201312,306244805
1787369812,1201325,306252849
1787369813,1201345,306260419
1787369814,1201365,306269348
1787369815,1201384,306277190
1787369816,1201434,306283579
1787369817,1201452,306291853
1787369818,1201467,306300646
1787369819,1201483,306308876
1787369820,1201497,306317123
1787369821,1201511,306325602
1787369822,1201528,306334111
1787369823,1201546,306342402
1787369824,1201562,306351586
1787369825,1201580,306359660
1787369826,1201596,306367980
1787369827,1201609,306376408
1787369828,1201624,306385023
1787369829,1201642,306392720
1787369830,1201659,306400439
1787369831,1201680,306408678
1787369832,1201696,306417840
1787369833,1201712,306426677
1787369834,1201728,306435337
1787369835,1201743,306444045
1787369836,1201759,306451518
1787369837,1201783,306459544
1787369838,1201801,306467299
1787369839,1201820,306475288
1787369840,1201840,306482986
1787369841,1201857,306491479
1787369842,1201877,306499724
1787369843,1201897,306508650
1787369844,1201921,306517105
1787369845,1201942,306525031
1787369846,1201961,306533121
1787369847,1201988,306540904
1787369848,1202006,306549143
1787369849,1202021,306558089
1787369850,1202037,306566353
1787369851,1202051,306574666
1787369852,1202069,306582764
1787369853,1202084,306592447
1787369854,1202099,306602125
1787369856,1202113,306610822
1787369857,1202126,306619100
1787369858,1202140,306627519
1787369859,1202157,306635122
1787369860,1202184,306642164
1787369861,1202205,306650065
1787369862,1202221,306658407
1787369863,1202233,306667025
1787369864,1202248,306676691
1787369865,1202260,306684525
1787369866,1202294,306692704
1787369867,1202319,306700958
1787369868,1202333,306709118
1787369869,1202349,306717527
1787369870,1202365,306725735
1787369871,1202391,306733151
1787369872,1202406,306741509
1787369873,1202433,306748491
1787369874,1202449,306757352
1787369875,1202464,306765334
1787369876,1202477,306773675
1787369877,1202499,306782007
1787369878,1202513,306790246
1787369879,1202539,306798191
1787369880,1202554,306806696
1787369881,1202572,306814636
