ts,util_gpu_pct,util_mem_pct,mem_used_mib,power_w,sm_clock_mhz
1787368854,100,43,129715,466.78,1980
1787368855,100,43,129715,465.24,1980
1787368856,100,43,129715,447.85,1980
1787368857,100,43,129715,456.92,1980
1787368858,100,44,129715,455.88,1980
1787368859,100,46,129715,481.74,1980
1787368860,100,43,129715,454.57,1980
1787368861,100,46,129715,465.61,1980
1787368862,100,44,129715,454.72,1980
1787368863,100,44,129715,461.24,1980
1787368864,100,43,129715,456.65,1980
1787368865,100,44,129715,452.77,1980
1787368866,100,44,129715,456.34,1980
1787368867,100,43,129715,453.98,1980
1787368868,100,44,129715,452.86,1980
1787368869,100,44,129715,462.00,1980
1787368870,100,44,129715,461.02,1980
1787368871,100,44,129715,457.15,1980
1787368872,100,43,129715,458.71,1980
1787368873,100,44,129715,453.57,1980
1787368874,100,43,129715,456.24,1980
1787368875,100,44,129715,456.60,1980
1787368876,100,43,129715,449.65,1980
1787368877,100,44,129715,458.22,1980
1787368878,100,44,129715,455.96,1980
1787368879,100,43,129715,453.72,1980
1787368880,100,44,129715,455.27,1980
1787368881,100,43,129715,462.62,1980
1787368882,100,43,129715,449.47,1980
1787368884,100,43,129715,445.61,1980
1787368885,100,42,129715,456.13,1980
1787368886,100,40,129715,453.43,1980
1787368887,100,44,129715,462.87,1980
1787368888,100,43,129715,459.18,1980
1787368889,100,44,129715,458.55,1980
1787368890,100,43,129715,457.23,1980
1787368891,100,43,129715,446.95,1980
1787368892,100,43,129715,455.42,1980
1787368893,100,44,129715,457.11,1980
1787368894,100,39,129715,436.58,1980
1787368895,100,43,129715,464.84,1980
1787368896,100,43,129715,457.20,1980
1787368897,100,43,129715,446.19,1980
1787368898,100,43,129715,445.09,1980
1787368899,100,42,129715,459.61,1980
1787368900,100,43,129715,446.50,1980
1787368901,100,44,129715,458.19,1980
1787368902,100,43,129715,445.33,1980
1787368903,100,46,129715,455.71,1980
1787368904,100,43,129715,456.28,1980
1787368905,100,43,129715,450.81,1980
1787368906,100,43,129715,451.34,1980
1787368907,100,43,129715,449.61,1980
1787368908,100,42,129715,447.48,1980
1787368909,100,43,129715,459.17,1980
1787368910,100,44,129715,451.61,1980
1787368911,100,44,129715,464.10,1980
1787368912,100,43,129715,462.54,1980
1787368913,100,43,129715,456.01,1980
1787368915,100,45,129715,460.55,1980
1787368916,100,43,129715,453.52,1980
1787368917,100,46,129715,468.25,1980
1787368918,100,43,129715,459.45,1980
1787368919,100,43,129715,449.84,1980
1787368920,100,43,129715,450.05,1980
1787368921,100,43,129715,458.01,1980
1787368922,100,44,129715,465.72,1980
1787368923,100,44,129715,460.99,1980
1787368924,100,44,129715,457.10,1980
1787368925,100,43,129715,455.34,1980
1787368926,100,44,129715,458.55,1980
1787368927,100,45,129715,457.17,1980
1787368928,100,43,129715,455.37,1980
1787368929,100,43,129715,453.62,1980
1787368930,100,43,129715,456.31,1980
1787368931,100,44,129715,452.08,1980
1787368932,100,44,129715,462.86,1980
1787368933,100,43,129715,460.24,1980
1787368934,100,43,129715,457.30,1980
1787368935,100,44,129715,461.17,1980
1787368936,100,44,129715,460.04,1980
1787368937,100,44,129715,465.80,1980
1787368938,100,43,129715,450.25,1980
1787368939,100,43,129715,451.21,1980
1787368940,100,40,129715,442.77,1980
1787368941,100,43,129715,457.89,1980
1787368942,100,42,129715,446.93,1980
1787368943,100,44,129715,455.99,1980
1787368944,100,43,129715,461.42,1980
1787368945,100,44,129715,463.82,1980
1787368947,100,45,129715,454.23,1980
1787368948,100,44,129715,459.78,1980
1787368949,100,44,129715,456.54,1980
1787368950,100,44,129715,453.02,1980
1787368951,100,43,129715,446.92,1980
1787368952,100,44,129715,443.41,1980
1787368953,100,43,129715,454.96,1980
1787368954,100,44,129715,444.21,1980
1787368955,100,44,129715,445.24,1980
1787368956,100,44,129715,448.51,1980
1787368957,100,44,129715,456.69,1980
1787368958,100,44,129715,454.66,1980
1787368959,100,39,129715,402.42,1980
1787368960,100,40,129715,396.30,1980
1787368961,72,29,129715,326.52,1980
1787368962,100,33,129715,309.11,1980
1787368963,100,32,129715,312.58,1980
1787368964,100,32,129715,329.55,1980
1787368965,100,32,129715,329.88,1980
1787368966,100,32,129715,326.13,1980
1787368967,100,32,129715,297.99,1980
1787368968,100,32,129715,327.55,1980
1787368969,100,32,129715,329.73,1980
1787368970,100,32,129715,331.47,1980
1787368971,100,33,129715,330.11,1980
1787368972,100,33,129715,330.76,1980
1787368973,100,33,129715,332.05,1980
1787368974,0,0,129715,277.30,1980
1787368975,0,0,129715,122.69,1980
1787368976,0,0,129715,122.27,1980
1787368978,0,0,129715,122.00,1980
1787368979,0,0,129715,121.32,1980
1787368980,0,0,129715,120.43,1980
1787368981,0,0,129715,120.29,1980
1787368982,0,0,129715,120.20,1980
1787368983,0,0,129715,120.03,1980
1787368984,0,0,129715,119.81,1980
1787368985,0,0,129715,119.80,1980
1787368986,0,0,129715,119.66,1980
1787368987,0,0,129715,119.58,1980
1787368988,0,0,129715,119.53,1980
1787368989,0,0,129715,119.34,1980
1787368990,0,0,129715,119.29,1980
1787368991,0,0,129715,119.16,1980
1787368992,0,0,129715,318.29,1980
1787368993,100,43,129715,454.53,1980
1787368994,100,43,129715,438.56,1980
1787368995,90,39,129715,449.04,1980
1787368996,100,43,129715,446.48,1980
1787368997,98,42,129715,433.16,1980
1787368998,100,43,129715,457.54,1980
1787368999,100,43,129715,453.15,1980
1787369000,100,43,129715,449.67,1980
1787369001,100,45,129715,451.69,1980
1787369002,100,43,129715,452.15,1980
1787369003,100,40,129715,432.58,1980
1787369004,100,43,129715,459.18,1980
1787369005,100,45,129715,451.18,1980
1787369006,100,43,129715,450.90,1980
1787369007,100,42,129715,446.31,1980
1787369008,100,45,129715,452.94,1980
1787369010,100,42,129715,446.17,1980
1787369011,100,43,129715,451.93,1980
1787369012,100,43,129715,453.72,1980
1787369013,100,44,129715,448.98,1980
1787369014,100,47,129715,457.23,1980
1787369015,100,43,129715,455.18,1980
1787369016,100,43,129715,444.16,1980
1787369017,100,43,129715,451.08,1980
1787369018,100,43,129715,452.59,1980
1787369019,100,44,129715,452.45,1980
1787369020,100,45,129715,459.10,1980
1787369021,100,43,129715,448.34,1980
1787369022,100,43,129715,448.48,1980
1787369023,100,44,129715,448.40,1980
1787369024,100,43,129715,452.32,1980
1787369025,100,44,129715,458.37,1980
1787369026,100,39,129715,455.27,1980
1787369027,100,43,129715,452.86,1980
1787369028,100,39,129715,428.23,1980
1787369029,0,0,129715,229.63,1980
1787369030,0,0,129715,122.49,1980
1787369031,100,44,129715,275.11,1980
1787369032,100,43,129715,450.69,1980
1787369033,100,43,129715,446.54,1980
1787369034,100,42,129715,449.37,1980
1787369035,100,43,129715,445.16,1980
1787369036,100,39,129715,421.45,1980
1787369037,100,43,129715,448.17,1980
1787369038,100,44,129715,451.33,1980
1787369039,100,47,129715,463.46,1980
1787369040,100,43,129715,453.05,1980
1787369042,100,44,129715,452.39,1980
1787369043,100,44,129715,448.93,1980
1787369044,100,43,129715,463.50,1980
1787369045,100,44,129715,449.76,1980
1787369046,100,44,129715,450.62,1980
1787369047,100,43,129715,456.96,1980
1787369048,100,43,129715,450.81,1980
1787369049,100,45,129715,457.65,1980
1787369050,100,44,129715,444.26,1980
1787369051,100,43,129715,447.55,1980
1787369052,100,38,129715,449.86,1980
1787369053,100,42,129715,454.33,1980
1787369054,100,43,129715,453.10,1980
1787369055,100,45,129715,444.93,1980
1787369056,100,44,129715,453.24,1980
1787369057,100,43,129715,459.13,1980
1787369058,100,44,129715,448.95,1980
1787369059,100,43,129715,444.71,1980
1787369060,100,44,129715,455.21,1980
1787369061,100,44,129715,443.03,1980
1787369062,100,43,129715,451.75,1980
1787369063,100,43,129715,450.25,1980
1787369064,100,43,129715,453.64,1980
1787369065,100,44,129715,448.62,1980
1787369066,100,44,129715,454.64,1980
1787369067,100,45,129715,447.47,1980
1787369068,100,43,129715,455.63,1980
1787369069,100,44,129715,447.38,1980
1787369070,100,44,129715,451.24,1980
1787369071,100,44,129715,461.81,1980
1787369072,100,46,129715,459.39,1980
1787369074,100,43,129715,462.64,1980
1787369075,100,45,129715,462.32,1980
1787369076,100,45,129715,455.64,1980
1787369077,100,43,129715,452.91,1980
1787369078,100,44,129715,453.91,1980
1787369079,100,43,129715,455.61,1980
1787369080,100,43,129715,451.08,1980
1787369081,100,38,129715,444.10,1980
1787369082,100,44,129715,455.92,1980
1787369083,100,44,129715,469.08,1980
1787369084,100,42,129715,458.14,1980
1787369085,100,43,129715,457.10,1980
1787369086,100,42,129715,452.56,1980
1787369087,100,44,129715,450.34,1980
1787369088,100,43,129715,455.20,1980
1787369089,100,40,129715,452.49,1980
1787369090,100,44,129715,464.32,1980
1787369091,100,43,129715,461.43,1980
1787369092,100,43,129715,448.84,1980
1787369093,100,46,129715,464.40,1980
1787369094,100,42,129715,446.31,1980
1787369095,100,43,129715,437.20,1980
1787369096,100,43,129715,469.16,1980
1787369097,100,44,129715,462.42,1980
1787369098,100,45,129715,455.28,1980
1787369099,100,43,129715,458.21,1980
1787369100,100,43,129715,449.51,1980
1787369101,100,44,129715,449.88,1980
1787369102,100,44,129715,458.23,1980
1787369103,100,43,129715,451.20,1980
1787369104,100,43,129715,440.25,1980
1787369106,100,43,129715,450.57,1980
1787369107,100,44,129715,459.22,1980
1787369108,100,43,129715,447.03,1980
1787369109,100,46,129715,448.41,1980
1787369110,100,44,129715,458.47,1980
1787369111,100,45,129715,443.14,1980
1787369112,100,43,129715,445.61,1980
1787369113,68,30,129715,446.06,1980
1787369114,100,43,129715,467.31,1980
1787369115,100,44,129715,464.05,1980
1787369116,100,43,129715,451.97,1980
1787369117,99,42,129715,447.89,1980
1787369118,100,44,129715,468.35,1980
1787369119,0,0,129715,242.22,1980
1787369120,0,0,129715,122.71,1980
1787369121,100,20,129715,208.15,1890
1787369122,100,44,129715,465.42,1980
1787369123,100,43,129715,468.39,1980
1787369124,100,43,129715,456.48,1980
1787369125,100,43,129715,449.29,1980
1787369126,100,44,129715,459.94,1980
1787369127,100,45,129715,465.89,1980
1787369128,100,45,129715,468.37,1980
1787369129,100,46,129715,459.86,1980
1787369130,100,43,129715,450.20,1980
1787369131,100,43,129715,448.31,1980
1787369132,100,44,129715,471.20,1980
1787369133,100,45,129715,472.35,1980
1787369134,100,43,129715,458.11,1980
1787369135,100,44,129715,451.12,1980
1787369136,100,42,129715,456.06,1980
1787369138,100,40,129715,421.60,1980
1787369139,100,19,129715,551.28,1965
1787369140,100,45,129715,471.00,1980
1787369141,100,46,129715,476.16,1980
1787369142,100,39,129715,451.55,1980
1787369143,100,43,129715,457.17,1980
1787369144,100,43,129715,456.41,1980
1787369145,100,43,129715,458.52,1980
1787369146,100,43,129715,452.82,1980
1787369147,100,42,129715,449.11,1980
1787369148,99,42,129715,447.49,1980
1787369149,100,43,129715,419.94,1980
1787369150,100,44,129715,450.84,1980
1787369151,100,43,129715,453.03,1980
1787369152,100,46,129715,456.66,1980
1787369153,100,46,129715,460.54,1980
1787369154,100,42,129715,467.10,1980
1787369155,100,44,129715,452.86,1980
1787369156,100,43,129715,457.21,1980
1787369157,100,43,129715,451.64,1980
1787369158,100,43,129715,447.77,1980
1787369159,0,0,129715,411.40,1980
1787369160,100,43,129715,457.22,1980
1787369161,100,38,129715,437.62,1980
1787369162,100,44,129715,464.29,1980
1787369163,93,17,129715,464.04,1965
1787369164,100,24,129715,250.01,1965
1787369165,100,43,129715,454.63,1980
1787369166,100,45,129715,455.58,1980
1787369167,100,43,129715,450.05,1980
1787369168,100,44,129715,451.33,1980
1787369170,100,45,129715,463.75,1980
1787369171,100,43,129715,462.40,1980
1787369172,100,44,129715,453.07,1980
1787369173,100,44,129715,464.41,1980
1787369174,100,44,129715,454.27,1980
1787369175,100,45,129715,471.42,1980
1787369176,100,44,129715,465.05,1980
1787369177,100,44,129715,460.42,1980
1787369178,100,44,129715,444.31,1980
1787369179,100,43,129715,446.10,1980
1787369180,100,44,129715,455.85,1980
1787369181,100,42,129715,446.80,1980
1787369182,100,43,129715,443.03,1980
1787369183,100,38,129715,440.28,1980
1787369184,0,0,129715,271.17,1980
1787369185,0,0,129715,123.42,1980
1787369186,100,46,129715,265.12,1980
1787369187,100,43,129715,464.14,1980
1787369188,100,44,129715,456.67,1980
1787369189,100,43,129715,454.29,1980
1787369190,100,39,129715,415.62,1980
1787369191,100,44,129715,457.39,1980
1787369192,100,45,129715,457.49,1980
1787369193,100,44,129715,462.39,1980
1787369194,100,45,129715,472.54,1980
1787369195,100,44,129715,470.61,1980
1787369196,0,0,129715,251.08,1980
1787369197,100,44,129715,378.76,1980
1787369198,100,43,129715,449.92,1980
1787369199,100,44,129715,459.70,1980
1787369201,100,45,129715,458.39,1980
1787369202,100,43,129715,444.62,1980
1787369203,100,43,129715,456.11,1980
1787369204,100,44,129715,450.73,1980
1787369205,100,43,129715,462.52,1980
1787369206,100,43,129715,450.96,1980
1787369207,0,0,129715,305.19,1980
1787369208,100,44,129715,290.91,1965
1787369209,100,45,129715,457.68,1980
1787369210,100,44,129715,456.51,1980
1787369211,100,44,129715,456.13,1980
1787369212,100,43,129715,448.97,1980
1787369213,100,44,129715,448.57,1980
1787369214,100,43,129715,456.00,1980
1787369215,99,43,129715,450.89,1980
1787369216,100,43,129715,454.32,1980
1787369217,99,43,129715,452.61,1980
1787369218,100,44,129715,461.35,1980
1787369219,100,44,129715,460.83,1980
1787369220,100,43,129715,467.37,1965
1787369221,100,45,129715,481.54,1980
1787369222,100,45,129715,466.55,1980
1787369223,100,43,129715,460.80,1980
1787369224,100,43,129715,458.52,1980
1787369225,100,43,129715,448.02,1980
1787369226,100,43,129715,447.85,1980
1787369227,100,44,129715,450.51,1980
1787369228,99,43,129715,458.42,1980
1787369229,100,44,129715,458.69,1980
1787369230,100,43,129715,456.09,1980
1787369231,0,0,129715,385.25,1980
1787369233,0,0,129715,123.20,1980
1787369234,0,0,129715,166.61,1980
1787369235,100,45,129715,472.19,1980
1787369236,100,44,129715,472.64,1980
1787369237,100,43,129715,460.00,1980
1787369238,100,44,129715,447.52,1980
1787369239,100,43,129715,448.62,1980
1787369240,100,43,129715,452.01,1980
1787369241,100,44,129715,452.67,1980
1787369242,100,44,129715,451.83,1980
1787369243,100,43,129715,452.48,1980
1787369244,100,44,129715,453.28,1980
1787369245,100,44,129715,457.14,1980
1787369246,100,43,129715,464.32,1980
1787369247,100,43,129715,448.13,1980
1787369248,100,44,129715,452.86,1980
1787369249,100,44,129715,462.67,1980
1787369250,100,43,129715,448.36,1980
1787369251,100,45,129715,459.94,1980
1787369252,100,44,129715,462.18,1980
1787369253,100,43,129715,456.90,1980
1787369254,100,43,129715,458.39,1980
1787369255,100,43,129715,448.96,1980
1787369256,100,47,129715,455.99,1980
1787369257,100,43,129715,450.92,1980
1787369258,100,43,129715,451.52,1980
1787369259,97,41,129715,441.30,1980
1787369260,0,0,129715,312.36,1980
1787369261,100,43,129715,326.99,1980
1787369262,100,45,129715,463.75,1980
1787369263,100,46,129715,473.51,1980
1787369264,100,44,129715,438.31,1980
1787369265,100,43,129715,451.46,1980
1787369267,100,43,129715,451.87,1980
1787369268,100,42,129715,449.14,1980
1787369269,100,44,129715,432.61,1980
1787369270,100,44,129715,434.33,1980
1787369271,100,33,129715,377.89,1980
1787369272,100,40,129715,400.93,1980
1787369273,100,40,129715,401.99,1980
1787369274,100,40,129715,405.86,1980
1787369275,100,41,129715,411.95,1980
1787369276,100,41,129715,412.03,1980
1787369277,100,41,129715,411.44,1980
1787369278,0,0,129715,332.60,1980
1787369279,100,39,129715,394.08,1980
1787369280,100,33,129715,350.83,1980
1787369281,100,40,129715,408.82,1980
1787369282,100,40,129715,410.71,1980
1787369283,0,0,129715,305.52,1980
1787369284,100,32,129715,330.09,1980
1787369285,100,32,129715,330.64,1980
1787369286,100,33,129715,330.84,1980
1787369287,0,0,129715,274.52,1980
1787369288,100,34,129715,296.23,1980
1787369289,100,35,129715,346.64,1980
1787369290,52,21,129715,297.65,1980
1787369291,100,32,129715,329.47,1980
1787369292,100,33,129715,329.95,1980
1787369293,100,33,129715,330.31,1980
1787369294,56,22,129715,284.01,1980
1787369295,100,32,129715,330.28,1980
1787369296,100,32,129715,327.24,1980
1787369297,100,33,129715,361.25,1980
1787369298,100,39,129715,385.66,1980
1787369299,100,32,129715,344.24,1980
1787369300,100,32,129715,330.00,1980
1787369302,100,33,129715,327.62,1980
1787369303,100,33,129715,328.13,1980
1787369304,100,33,129715,329.49,1980
1787369305,99,32,129715,329.88,1980
1787369306,100,33,129715,331.16,1980
1787369307,100,33,129715,331.09,1980
1787369308,100,33,129715,331.71,1980
1787369309,100,33,129715,331.26,1980
1787369310,100,33,129715,331.56,1980
1787369311,100,33,129715,331.01,1980
1787369312,100,33,129715,331.45,1980
1787369313,100,33,129715,332.68,1980
1787369314,100,32,129715,215.84,1980
1787369315,100,33,129715,332.05,1980
1787369316,100,32,129715,295.62,1980
1787369317,100,33,129715,329.64,1980
1787369318,100,33,129715,328.05,1980
1787369319,100,33,129715,330.56,1980
1787369320,100,33,129715,328.32,1980
1787369321,98,32,129715,330.27,1980
1787369322,89,29,129715,310.14,1980
1787369323,100,32,129715,294.76,1980
1787369324,100,32,129715,328.68,1980
1787369325,100,33,129715,327.96,1980
1787369326,100,33,129715,329.23,1980
1787369327,100,33,129715,328.27,1980
1787369328,100,33,129715,330.11,1980
1787369329,60,22,129715,186.47,1980
1787369330,100,33,129715,329.69,1980
1787369331,100,33,129715,331.04,1980
1787369332,100,32,129715,285.14,1980
1787369333,100,32,129715,328.23,1980
1787369335,100,32,129715,327.70,1980
1787369336,100,32,129715,326.22,1980
1787369337,100,33,129715,276.12,1980
1787369338,100,33,129715,331.57,1980
1787369339,100,32,129715,285.49,1980
1787369340,100,32,129715,329.01,1980
1787369341,100,33,129715,328.49,1980
1787369342,100,33,129715,329.17,1980
1787369343,100,33,129715,328.30,1980
1787369344,100,33,129715,313.66,1980
1787369345,100,33,129715,248.71,1980
1787369346,99,33,129715,330.29,1980
1787369347,100,32,129715,279.97,1980
1787369348,100,32,129715,328.04,1980
1787369349,100,33,129715,329.79,1980
1787369350,0,0,129715,252.43,1980
1787369351,100,33,129715,322.39,1980
1787369352,0,0,129715,287.01,1980
1787369353,100,32,129715,327.19,1980
1787369354,100,32,129715,326.74,1980
1787369355,100,33,129715,328.56,1980
1787369356,100,32,129715,327.06,1980
1787369357,100,33,129715,329.22,1980
1787369358,100,32,129715,329.75,1980
1787369359,0,0,129715,183.75,1980
1787369360,100,33,129715,334.08,1980
1787369361,100,33,129715,333.97,1980
1787369362,100,33,129715,331.74,1980
1787369363,100,32,129715,285.01,1980
1787369364,100,32,129715,328.52,1980
1787369365,100,32,129715,327.11,1980
1787369366,100,32,129715,328.25,1980
1787369367,100,32,129715,328.03,1980
1787369369,100,32,129715,280.97,1980
1787369370,98,32,129715,329.12,1980
1787369371,99,32,129715,327.90,1980
1787369372,100,33,129715,329.82,1980
1787369373,100,32,129715,330.80,1980
1787369374,100,33,129715,329.83,1980
1787369375,0,0,129715,213.20,1980
1787369376,0,0,129715,120.67,1980
1787369377,0,0,129715,120.27,1980
1787369378,0,0,129715,120.08,1980
1787369379,0,0,129715,119.96,1980
1787369380,0,0,129715,119.88,1980
1787369381,0,0,129715,119.71,1980
1787369382,0,0,129715,119.61,1980
1787369383,0,0,129715,119.52,1980
1787369384,0,0,129715,119.47,1980
1787369385,0,0,129715,119.41,1980
1787369386,0,0,129715,119.31,1980
1787369387,0,0,129715,119.24,1980
1787369388,0,0,129715,119.17,1980
1787369389,0,0,129715,119.08,1980
1787369390,0,0,129715,119.05,1980
1787369391,0,0,129715,118.96,1980
1787369392,0,0,129715,118.93,1980
1787369393,0,0,129715,118.80,1980
1787369394,0,0,129715,118.75,1980
1787369395,0,0,129715,118.68,1980
1787369396,0,0,129715,118.68,1980
1787369397,0,0,129715,118.63,1980
1787369398,0,0,129715,118.54,1980
1787369400,0,0,129715,118.48,1980
1787369401,0,0,129715,118.42,1980
1787369402,0,0,129715,118.39,1980
1787369403,0,0,129715,118.44,1980
1787369404,0,0,129715,118.38,1980
1787369405,0,0,129715,118.31,1980
1787369406,0,0,129715,118.24,1980
1787369407,0,0,129715,118.24,1980
1787369408,0,0,129715,118.21,1980
1787369409,0,0,129715,118.17,1980
1787369410,0,0,129715,118.12,1980
1787369411,0,0,129715,118.08,1980
1787369412,0,0,129715,118.06,1980
1787369413,0,0,129715,118.07,1980
1787369414,0,0,129715,118.01,1980
1787369415,0,0,129715,117.97,1980
1787369416,0,0,129715,117.91,1980
1787369417,0,0,129715,117.91,1980
1787369418,0,0,129715,117.85,1980
1787369419,0,0,129715,117.85,1980
1787369420,0,0,129715,117.83,1980
1787369421,0,0,129715,117.83,1980
1787369422,0,0,129715,117.79,1980
1787369423,0,0,129715,117.75,1980
1787369424,0,0,129715,117.73,1980
1787369425,0,0,129715,117.72,1980
1787369426,0,0,129715,117.72,1980
1787369427,0,0,129715,117.70,1980
1787369428,0,0,129715,117.61,1980
1787369429,0,0,129715,117.62,1980
1787369430,0,0,129715,117.60,1980
1787369431,0,0,129715,117.62,1980
1787369432,0,0,129715,117.60,1980
1787369433,0,0,129715,117.59,1980
1787369434,0,0,129715,117.54,1980
1787369436,0,0,129715,117.52,1980
1787369437,0,0,129715,117.49,1980
1787369438,0,0,129715,117.51,1980
1787369439,0,0,129715,117.46,1980
1787369440,0,0,129715,117.50,1980
1787369441,0,0,129715,117.44,1980
1787369442,0,0,129715,117.45,1980
1787369443,0,0,129715,117.43,1980
1787369444,0,0,129715,117.46,1980
1787369445,0,0,129715,117.48,1980
1787369446,0,0,129715,117.41,1980
1787369447,0,0,129715,117.32,1980
1787369448,0,0,129715,117.39,1980
1787369449,0,0,129715,117.38,1980
1787369450,0,0,129715,117.36,1980
1787369451,0,0,129715,117.36,1980
1787369452,0,0,129715,117.40,1980
1787369453,0,0,129715,117.28,1980
1787369454,0,0,129715,117.29,1980
1787369455,0,0,129715,117.29,1980
1787369456,0,0,129715,117.37,1980
1787369457,0,0,129715,117.30,1980
1787369458,0,0,129715,117.26,1980
1787369459,0,0,129715,117.24,1980
1787369460,0,0,129715,117.23,1980
1787369461,0,0,129715,117.26,1980
1787369462,0,0,129715,117.29,1980
1787369463,0,0,129715,117.28,1980
1787369464,0,0,129715,119.57,1980
1787369465,0,0,129715,121.54,1980
1787369466,100,39,129715,189.17,1980
1787369467,100,42,129715,347.81,1980
1787369469,100,43,129715,436.55,1980
1787369470,100,45,129715,442.81,1980
1787369471,99,44,129715,430.93,1980
1787369472,100,44,129715,429.53,1980
1787369473,100,45,129715,446.27,1980
1787369474,100,42,129715,445.89,1980
1787369475,100,39,129715,432.67,1980
1787369476,100,43,129715,449.73,1980
1787369477,100,44,129715,441.14,1980
1787369478,100,45,129715,452.02,1980
1787369479,100,43,129715,449.17,1980
1787369480,100,43,129715,442.53,1980
1787369481,100,43,129715,448.99,1980
1787369482,100,43,129715,442.16,1980
1787369483,100,39,129715,434.88,1980
1787369484,100,43,129715,451.45,1980
1787369485,100,43,129715,445.48,1980
1787369486,100,43,129715,447.84,1980
1787369487,100,43,129715,439.83,1980
1787369488,98,44,129715,449.12,1980
1787369489,100,43,129715,450.14,1980
1787369490,100,43,129715,442.74,1980
1787369491,100,43,129715,447.69,1980
1787369492,100,44,129715,434.28,1980
1787369493,100,43,129715,456.16,1980
1787369494,100,44,129715,454.18,1980
1787369495,100,42,129715,447.23,1980
1787369496,99,42,129715,444.48,1980
1787369497,100,44,129715,451.27,1980
1787369498,100,43,129715,459.11,1980
1787369499,100,43,129715,450.48,1980
1787369500,100,42,129715,454.73,1980
1787369502,100,43,129715,444.47,1980
1787369503,100,44,129715,451.13,1980
1787369504,100,43,129715,452.05,1980
1787369505,100,43,129715,437.73,1980
1787369506,100,44,129715,453.15,1980
1787369507,100,43,129715,445.86,1980
1787369508,100,43,129715,443.67,1980
1787369509,100,44,129715,453.03,1980
1787369510,100,39,129715,446.15,1980
1787369511,100,44,129715,462.44,1980
1787369512,100,45,129715,453.40,1980
1787369513,100,43,129715,445.70,1980
1787369514,100,43,129715,450.83,1980
1787369515,100,43,129715,450.98,1980
1787369516,100,45,129715,457.82,1980
1787369517,100,44,129715,450.25,1980
1787369518,100,43,129715,459.15,1980
1787369519,100,43,129715,454.93,1980
1787369520,100,43,129715,456.46,1980
1787369521,100,43,129715,460.03,1980
1787369522,100,44,129715,450.74,1980
1787369523,100,44,129715,453.19,1980
1787369524,100,44,129715,453.84,1980
1787369525,100,43,129715,457.12,1980
1787369526,100,43,129715,452.26,1980
1787369527,100,43,129715,436.11,1980
1787369528,100,43,129715,441.41,1980
1787369529,100,44,129715,453.56,1980
1787369530,100,43,129715,456.21,1980
1787369531,100,43,129715,455.81,1980
1787369532,100,43,129715,446.49,1980
1787369533,100,44,129715,449.76,1980
1787369534,100,43,129715,455.59,1980
1787369535,98,42,129715,438.29,1980
1787369537,100,41,129715,453.22,1980
1787369538,100,42,129715,452.55,1980
1787369539,100,46,129715,443.77,1980
1787369540,100,43,129715,443.31,1980
1787369541,100,44,129715,452.00,1980
1787369542,100,43,129715,448.83,1980
1787369543,100,43,129715,443.00,1980
1787369544,100,45,129715,442.29,1980
1787369545,100,43,129715,449.04,1980
1787369546,100,43,129715,443.01,1980
1787369547,100,45,129715,451.77,1980
1787369548,100,43,129715,448.10,1980
1787369549,99,43,129715,453.24,1980
1787369550,100,43,129715,438.27,1980
1787369551,100,44,129715,440.30,1980
1787369552,100,43,129715,454.27,1980
1787369553,100,43,129715,454.80,1980
1787369554,100,45,129715,450.86,1980
1787369555,100,43,129715,451.70,1980
1787369556,100,43,129715,444.55,1980
1787369557,100,43,129715,450.64,1980
1787369558,100,44,129715,446.69,1980
1787369559,71,33,129715,436.68,1980
1787369560,100,44,129715,458.49,1980
1787369561,100,43,129715,447.82,1980
1787369562,100,44,129715,455.11,1980
1787369563,100,43,129715,457.06,1980
1787369564,100,43,129715,453.99,1980
1787369565,100,43,129715,447.30,1980
1787369566,100,43,129715,446.35,1980
1787369567,100,43,129715,449.10,1980
1787369568,100,41,129715,460.22,1980
1787369569,100,44,129715,447.54,1980
1787369571,100,43,129715,447.43,1980
1787369572,100,46,129715,453.69,1980
1787369573,100,44,129715,457.12,1980
1787369574,98,42,129715,454.15,1980
1787369575,100,43,129715,453.35,1980
1787369576,100,43,129715,455.60,1980
1787369577,100,43,129715,454.86,1980
1787369578,100,44,129715,449.61,1980
1787369579,100,43,129715,456.12,1980
1787369580,98,43,129715,447.20,1980
1787369581,100,43,129715,453.14,1980
1787369582,100,43,129715,450.58,1980
1787369583,100,44,129715,450.28,1980
1787369584,100,42,129715,453.10,1980
1787369585,100,43,129715,449.64,1980
1787369586,100,46,129715,451.45,1980
1787369587,100,45,129715,449.73,1980
1787369588,100,43,129715,458.38,1980
1787369589,97,42,129715,441.95,1980
1787369590,100,43,129715,451.45,1980
1787369591,100,44,129715,454.90,1980
1787369592,100,45,129715,468.70,1980
1787369593,100,43,129715,457.30,1980
1787369594,100,43,129715,445.97,1980
1787369595,100,44,129715,453.05,1980
1787369596,77,34,129715,440.84,1980
1787369597,100,43,129715,456.63,1980
1787369598,100,44,129715,448.28,1980
1787369599,100,43,129715,452.72,1980
1787369600,100,46,129715,448.23,1980
1787369601,100,43,129715,446.78,1980
1787369602,100,43,129715,454.33,1980
1787369603,100,44,129715,455.11,1980
1787369605,100,43,129715,460.88,1980
1787369606,100,43,129715,469.06,1980
1787369607,100,43,129715,456.87,1980
1787369608,99,43,129715,455.76,1980
1787369609,98,43,129715,456.19,1980
1787369610,100,44,129715,464.66,1980
1787369611,100,44,129715,452.58,1980
1787369612,100,43,129715,452.22,1980
1787369613,100,43,129715,439.77,1980
1787369614,100,44,129715,464.84,1980
1787369615,100,44,129715,460.38,1980
1787369616,100,43,129715,458.14,1980
1787369617,100,43,129715,446.02,1980
1787369618,100,43,129715,463.24,1980
1787369619,100,43,129715,435.79,1980
1787369620,100,43,129715,450.08,1980
1787369621,100,43,129715,456.38,1980
1787369622,100,39,129715,437.61,1980
1787369623,100,44,129715,452.30,1980
1787369624,100,44,129715,464.39,1980
1787369625,100,43,129715,455.12,1980
1787369626,100,42,129715,445.70,1980
1787369627,100,44,129715,455.87,1980
1787369628,99,43,129715,446.26,1980
1787369629,100,43,129715,459.59,1980
1787369630,100,43,129715,460.62,1980
1787369631,100,45,129715,454.24,1980
1787369632,100,43,129715,468.84,1980
1787369633,99,43,129715,451.32,1980
1787369634,100,44,129715,453.91,1980
1787369635,100,44,129715,450.07,1980
1787369636,99,43,129715,462.93,1980
1787369638,100,43,129715,446.29,1980
1787369639,100,43,129715,448.14,1980
1787369640,100,44,129715,445.16,1980
1787369641,100,43,129715,463.53,1980
1787369642,100,44,129715,458.51,1980
1787369643,100,43,129715,447.89,1980
1787369644,100,43,129715,455.93,1980
1787369645,100,44,129715,465.40,1980
1787369646,100,43,129715,460.39,1980
1787369647,100,43,129715,455.59,1980
1787369648,100,44,129715,451.82,1980
1787369649,100,43,129715,450.31,1980
1787369650,100,44,129715,468.12,1980
1787369651,0,0,129715,381.24,1980
1787369652,100,42,129715,223.02,1980
1787369653,100,44,129715,464.10,1980
1787369654,100,43,129715,451.70,1980
1787369655,100,42,129715,455.93,1980
1787369656,98,42,129715,446.42,1980
1787369657,100,44,129715,452.45,1980
1787369658,97,42,129715,449.74,1980
1787369659,0,0,129715,199.27,1980
1787369660,100,43,129715,451.23,1980
1787369661,100,43,129715,458.46,1980
1787369662,100,38,129715,443.46,1980
1787369663,0,0,129715,345.43,1980
1787369665,100,44,129715,346.56,1980
1787369666,100,45,129715,455.64,1980
1787369667,100,44,129715,467.59,1980
1787369668,48,21,129715,437.92,1980
1787369669,98,42,129715,452.31,1980
1787369670,100,44,129715,460.80,1980
1787369671,100,43,129715,450.51,1980
1787369672,100,44,129715,453.98,1980
1787369673,100,43,129715,458.69,1980
1787369674,100,44,129715,454.08,1980
1787369675,100,44,129715,466.54,1980
1787369676,100,44,129715,459.08,1980
1787369677,100,43,129715,453.00,1980
1787369678,100,43,129715,449.95,1980
1787369679,100,42,129715,446.24,1980
1787369680,0,0,129715,169.52,1980
1787369681,99,43,129715,479.41,1980
1787369682,100,44,129715,465.60,1980
1787369683,100,43,129715,462.38,1980
1787369684,96,18,129715,517.42,1875
1787369685,100,17,129715,293.32,1950
1787369686,100,45,129715,467.40,1980
1787369687,100,45,129715,472.89,1980
1787369688,100,43,129715,469.71,1980
1787369689,100,43,129715,444.87,1980
1787369690,100,43,129715,446.41,1980
1787369691,0,0,129715,226.66,1980
1787369692,100,43,129715,390.05,1980
1787369693,100,44,129715,460.40,1980
1787369694,0,0,129715,204.81,1980
1787369695,100,46,129715,412.30,1980
1787369696,100,46,129715,486.02,1980
1787369698,100,45,129715,468.77,1980
1787369699,100,38,129715,445.60,1980
1787369700,100,43,129715,457.88,1980
1787369701,100,43,129715,447.28,1980
1787369702,100,43,129715,445.64,1980
1787369703,100,43,129715,449.22,1980
1787369704,0,0,129715,313.77,1980
1787369705,29,9,129715,158.78,1980
1787369706,100,40,129715,271.08,1965
1787369707,100,46,129715,484.67,1980
1787369708,100,46,129715,469.84,1980
1787369709,100,46,129715,485.40,1980
1787369710,100,46,129715,467.15,1980
1787369711,100,44,129715,465.34,1980
1787369712,100,44,129715,457.68,1980
1787369713,100,43,129715,448.13,1980
1787369714,100,43,129715,448.05,1980
1787369715,0,0,129715,354.36,1980
1787369716,100,44,129715,300.14,1980
1787369717,100,43,129715,451.48,1980
1787369718,100,39,129715,426.91,1980
1787369719,0,0,129715,271.96,1980
1787369720,100,45,129715,502.90,1980
1787369721,100,45,129715,469.17,1980
1787369722,100,44,129715,466.72,1980
1787369723,100,43,129715,452.75,1980
1787369724,100,43,129715,450.52,1980
1787369725,100,43,129715,458.92,1980
1787369726,100,44,129715,455.81,1980
1787369727,100,44,129715,456.85,1980
1787369728,100,38,129715,434.17,1980
1787369730,100,44,129715,466.40,1980
1787369731,100,45,129715,459.76,1980
1787369732,100,43,129715,447.83,1980
1787369733,100,39,129715,442.00,1980
1787369734,100,43,129715,459.68,1980
1787369735,100,43,129715,449.20,1980
1787369736,100,44,129715,451.14,1980
1787369737,100,44,129715,447.86,1980
1787369738,0,0,129715,280.75,1980
1787369739,100,45,129715,383.52,1980
1787369740,100,46,129715,470.54,1980
1787369741,100,46,129715,472.17,1980
1787369742,100,44,129715,462.39,1980
1787369743,100,43,129715,451.99,1980
1787369744,100,44,129715,447.77,1980
1787369745,100,43,129715,458.57,1980
1787369746,100,44,129715,445.91,1980
1787369747,100,43,129715,448.17,1980
1787369748,100,43,129715,442.32,1980
1787369749,100,38,129715,429.97,1980
1787369750,100,44,129715,466.42,1980
1787369751,100,44,129715,465.04,1980
1787369752,100,44,129715,446.20,1980
1787369753,100,44,129715,424.64,1980
1787369754,100,44,129715,442.47,1980
1787369755,100,43,129715,434.08,1980
1787369756,100,44,129715,451.20,1980
1787369757,100,43,129715,444.11,1980
1787369758,100,43,129715,451.18,1980
1787369759,100,44,129715,452.79,1980
1787369760,100,39,129715,423.06,1980
1787369761,100,34,129715,408.67,1980
1787369762,100,39,129715,335.96,1980
1787369764,100,40,129715,399.95,1980
1787369765,100,39,129715,389.32,1980
1787369766,100,38,129715,396.33,1980
1787369767,100,39,129715,396.20,1980
1787369768,100,39,129715,388.10,1980
1787369769,100,38,129715,395.86,1980
1787369770,100,40,129715,399.34,1980
1787369771,100,33,129715,356.60,1980
1787369772,100,39,129715,406.53,1980
1787369773,100,33,129715,373.78,1980
1787369774,100,39,129715,400.18,1980
1787369775,100,40,129715,395.96,1980
1787369776,100,32,129715,377.73,1980
1787369777,100,38,129715,394.14,1980
1787369778,100,39,129715,386.60,1980
1787369779,100,40,129715,388.54,1980
1787369780,0,0,129715,342.00,1980
1787369781,100,33,129715,254.31,1980
1787369782,100,33,129715,338.37,1980
1787369783,100,32,129715,291.68,1980
1787369784,100,32,129715,330.89,1980
1787369785,100,33,129715,330.93,1980
1787369786,100,33,129715,332.37,1980
1787369787,100,33,129715,332.05,1980
1787369788,0,0,129715,259.19,1980
1787369789,100,33,129715,257.77,1980
1787369790,100,33,129715,338.05,1980
1787369791,99,36,129715,290.39,1980
1787369792,100,32,129715,331.05,1980
1787369793,100,33,129715,330.06,1980
1787369794,0,0,129715,204.18,1980
1787369795,0,0,129715,121.78,1980
1787369797,0,0,129715,121.69,1980
1787369798,0,0,129715,121.51,1980
1787369799,0,0,129715,121.36,1980
1787369800,0,0,129715,121.10,1980
1787369801,0,0,129715,120.49,1980
1787369802,0,0,129715,120.33,1980
1787369803,0,0,129715,119.57,1980
1787369804,0,0,129715,119.48,1980
1787369805,0,0,129715,119.37,1980
1787369806,0,0,129715,119.32,1980
1787369807,0,0,129715,119.16,1980
1787369808,0,0,129715,119.02,1980
1787369809,0,0,129715,118.99,1980
1787369810,0,0,129715,118.90,1980
1787369811,0,0,129715,118.86,1980
1787369812,0,0,129715,118.77,1980
1787369813,0,0,129715,118.68,1980
1787369814,0,0,129715,118.57,1980
1787369815,0,0,129715,118.51,1980
1787369816,0,0,129715,118.47,1980
1787369817,0,0,129715,118.44,1980
1787369818,0,0,129715,118.40,1980
1787369819,0,0,129715,118.25,1980
1787369820,0,0,129715,118.21,1980
1787369821,0,0,129715,118.16,1980
1787369822,0,0,129715,118.14,1980
1787369823,0,0,129715,118.11,1980
1787369824,0,0,129715,118.09,1980
1787369825,0,0,129715,117.98,1980
1787369826,0,0,129715,117.94,1980
1787369827,0,0,129715,117.92,1980
1787369828,0,0,129715,117.90,1980
1787369829,0,0,129715,117.89,1980
1787369830,0,0,129715,117.87,1980
1787369831,0,0,129715,117.73,1980
1787369832,0,0,129715,117.69,1980
1787369833,0,0,129715,117.65,1980
1787369835,0,0,129715,117.61,1980
1787369836,0,0,129715,117.62,1980
1787369837,0,0,129715,117.56,1980
1787369838,0,0,129715,117.47,1980
1787369839,0,0,129715,117.49,1980
1787369840,0,0,129715,117.47,1980
1787369841,0,0,129715,117.50,1980
1787369842,0,0,129715,117.44,1980
